{"cameraMode":{"drawMode":0,"name":"Shaded","section":"Shading Mode"},"sceneLighting":false,"audioPlay":false,"sceneViewState":{"m_AlwaysRefresh":false,"showFog":true,"showSkybox":false,"showFlares":true,"showImageEffects":true,"showParticleSystems":true,"showVisualEffectGraphs":true,"m_FxEnabled":true},"in2DMode":false,"pivot":{"x":0.047944895923137668,"y":0.42424291372299197,"z":-0.0019036829471588135},"rotation":{"x":0.12306573987007141,"y":0.6232072710990906,"z":-0.10011452436447144,"w":0.7658615708351135},"size":0.7579528093338013,"orthographic":false}