{"cameraMode":{"drawMode":0,"name":"Shaded","section":"Shading Mode"},"sceneLighting":false,"audioPlay":false,"sceneViewState":{"m_AlwaysRefresh":false,"showFog":true,"showSkybox":false,"showFlares":true,"showImageEffects":true,"showParticleSystems":true,"showVisualEffectGraphs":true,"m_FxEnabled":true},"in2DMode":false,"pivot":{"x":-0.06130850315093994,"y":0.2970515787601471,"z":0.04747951030731201},"rotation":{"x":-0.042934875935316089,"y":0.9444848299026489,"z":-0.2955927550792694,"w":-0.13720369338989259},"size":1.422284722328186,"orthographic":false}